katalogeintraege_tag,hoschschulfaechersystematik_url
Accounting and Finance,https://w3id.org/kim/hochschulfaechersystematik/n265; https://w3id.org/kim/hochschulfaechersystematik/n021
Agrarsystemtechnik,https://w3id.org/kim/hochschulfaechersystematik/n003
Akustik und Sprachkommunikation,https://w3id.org/kim/hochschulfaechersystematik/n222; https://w3id.org/kim/hochschulfaechersystematik/n64; https://w3id.org/kim/hochschulfaechersystematik/n8
Allgemeine Psychologie,https://w3id.org/kim/hochschulfaechersystematik/n32; https://w3id.org/kim/hochschulfaechersystematik/n132
Alte Musik,https://w3id.org/kim/hochschulfaechersystematik/n78
Ältere und Frühneuzeitliche deutsche Literatur und Kultur,https://w3id.org/kim/hochschulfaechersystematik/n09; https://w3id.org/kim/hochschulfaechersystematik/n067; https://w3id.org/kim/hochschulfaechersystematik/n090
Amerikanistik,https://w3id.org/kim/hochschulfaechersystematik/n10; https://w3id.org/kim/hochschulfaechersystematik/n10
Angewandte Bewegungswissenschaft,https://w3id.org/kim/hochschulfaechersystematik/n22; https://w3id.org/kim/hochschulfaechersystematik/n029
Angewandte Computer‐ und Biowissenschaften,https://w3id.org/kim/hochschulfaechersystematik/n221
Angewandte Linguistik,https://w3id.org/kim/hochschulfaechersystematik/n160
Angewandte Mathematik,https://w3id.org/kim/hochschulfaechersystematik/n37; Mathematik
Angewandte Mechanik,https://w3id.org/kim/hochschulfaechersystematik/n104
Angewandte Physik,https://w3id.org/kim/hochschulfaechersystematik/n0128
Angewandte Sprachen und IKK,https://w3id.org/kim/hochschulfaechersystematik/n284
Anglistik,https://w3id.org/kim/hochschulfaechersystematik/n008
Anglistik und Amerikanistik,https://w3id.org/kim/hochschulfaechersystematik/n10
Anlageninstandhaltung 3 - Ausgewählte Apparate und Anlagen und Industrial Management,https://w3id.org/kim/hochschulfaechersystematik/n63; https://w3id.org/kim/hochschulfaechersystematik/n104
Anorganische Chemie,https://w3id.org/kim/hochschulfaechersystematik/n40; https://w3id.org/kim/hochschulfaechersystematik/n032
Arbeit und Organisation,https://w3id.org/kim/hochschulfaechersystematik/n258; https://w3id.org/kim/hochschulfaechersystematik/n011
Arbeits- und Organisationspsychologie,https://w3id.org/kim/hochschulfaechersystematik/n32; https://w3id.org/kim/hochschulfaechersystematik/n132
Architektur,https://w3id.org/kim/hochschulfaechersystematik/n013
Architektur und Sozialwissenschaften,https://w3id.org/kim/hochschulfaechersystematik/n013; https://w3id.org/kim/hochschulfaechersystematik/n26; https://w3id.org/kim/hochschulfaechersystematik/n148
Architekturtheorie,https://w3id.org/kim/hochschulfaechersystematik/n013
Automatisierung 1 - Mess- und Regelungstechnik,https://w3id.org/kim/hochschulfaechersystematik/n64; https://w3id.org/kim/hochschulfaechersystematik/n048
Automatisierung 2 - Steuerungs- und Automatisierungstechnik,https://w3id.org/kim/hochschulfaechersystematik/n64; https://w3id.org/kim/hochschulfaechersystematik/n048
Automatisierungstechnik,https://w3id.org/kim/hochschulfaechersystematik/n64; https://w3id.org/kim/hochschulfaechersystematik/n048
Automobiltechnik Dresden - IAD,https://w3id.org/kim/hochschulfaechersystematik/n089
Bahnfahrzeuge und Bahntechnik,https://w3id.org/kim/hochschulfaechersystematik/n089
Bau und Umwelt,https://w3id.org/kim/hochschulfaechersystematik/n68; https://w3id.org/kim/hochschulfaechersystematik/n457; https://w3id.org/kim/hochschulfaechersystematik/n57
"Baugeschichte, Architekturtheorie und Denkmalpflege",https://w3id.org/kim/hochschulfaechersystematik/n68; https://w3id.org/kim/hochschulfaechersystematik/n013; https://w3id.org/kim/hochschulfaechersystematik/n068
Bauinformatik,https://w3id.org/kim/hochschulfaechersystematik/n68; https://w3id.org/kim/hochschulfaechersystematik/n017; https://w3id.org/kim/hochschulfaechersystematik/n079
Bauingenieurwesen,https://w3id.org/kim/hochschulfaechersystematik/n68; https://w3id.org/kim/hochschulfaechersystematik/n017
Bauwesen,https://w3id.org/kim/hochschulfaechersystematik/n68; https://w3id.org/kim/hochschulfaechersystematik/n017
Bergbau und Spezialtiefbau,https://w3id.org/kim/hochschulfaechersystematik/n62; https://w3id.org/kim/hochschulfaechersystematik/n020
Bergbau-Tagebau,https://w3id.org/kim/hochschulfaechersystematik/n62; https://w3id.org/kim/hochschulfaechersystematik/n020
Berufliche Fachrichtung,https://w3id.org/kim/hochschulfaechersystematik/n270
Berufspädagogik  Medieninformatiker,https://w3id.org/kim/hochschulfaechersystematik/n270; https://w3id.org/kim/hochschulfaechersystematik/n121
Bestandsentwicklung,https://w3id.org/kim/hochschulfaechersystematik/n262
Betriebliches Rechnungswesen / Controlling,https://w3id.org/kim/hochschulfaechersystematik/n021
Betriebssysteme,https://w3id.org/kim/hochschulfaechersystematik/n079
Betriebswirtschaft,https://w3id.org/kim/hochschulfaechersystematik/n021
Betriebswirtschaftslehre,https://w3id.org/kim/hochschulfaechersystematik/n021
Bewegungswissenschaft,https://w3id.org/kim/hochschulfaechersystematik/n22; https://w3id.org/kim/hochschulfaechersystematik/n029
Bildungswissenschaften,https://w3id.org/kim/hochschulfaechersystematik/n052; https://w3id.org/kim/hochschulfaechersystematik/n245
Biodiversity and Collection Management,https://w3id.org/kim/hochschulfaechersystematik/n262
Biohydrometallurgie und Mikrobiologie,https://w3id.org/kim/hochschulfaechersystematik/n026; https://w3id.org/kim/hochschulfaechersystematik/n282; https://w3id.org/kim/hochschulfaechersystematik/n108; https://w3id.org/kim/hochschulfaechersystematik/n020
Biomaterialien,https://w3id.org/kim/hochschulfaechersystematik/n300
Biomedizinische Technik,https://w3id.org/kim/hochschulfaechersystematik/n300; https://w3id.org/kim/hochschulfaechersystematik/n282
Biowissenschaften,https://w3id.org/kim/hochschulfaechersystematik/n026; https://w3id.org/kim/hochschulfaechersystematik/n42
Büro der Gleichstellungs- und Frauenbeauftragten,https://w3id.org/kim/hochschulfaechersystematik/n253; https://w3id.org/kim/hochschulfaechersystematik/n258
Business Ethics und CSR-Management,https://w3id.org/kim/hochschulfaechersystematik/n169; https://w3id.org/kim/hochschulfaechersystematik/n184
BWL,https://w3id.org/kim/hochschulfaechersystematik/n021
BWL – Betriebliche Umweltökonomie und Nachhaltigkeit,https://w3id.org/kim/hochschulfaechersystematik/n021
BWL X - Internationale Rechnungslegung und Wirtschaftsprüfung,https://w3id.org/kim/hochschulfaechersystematik/n021
Career Center,https://w3id.org/kim/hochschulfaechersystematik/n257
Career Service,https://w3id.org/kim/hochschulfaechersystematik/n257
Chemie,https://w3id.org/kim/hochschulfaechersystematik/n40; https://w3id.org/kim/hochschulfaechersystematik/n032 
Chemie und Lebensmittelchemie,https://w3id.org/kim/hochschulfaechersystematik/n032; https://w3id.org/kim/hochschulfaechersystematik/n096
Chemie und Physik,https://w3id.org/kim/hochschulfaechersystematik/n032; https://w3id.org/kim/hochschulfaechersystematik/n0128
Chemieingenieurwesen,https://w3id.org/kim/hochschulfaechersystematik/n033
Darstellungslehre,https://w3id.org/kim/hochschulfaechersystematik/n76
Datenbanken,https://w3id.org/kim/hochschulfaechersystematik/n079
Datenschutz & Datensicherheit,https://w3id.org/kim/hochschulfaechersystematik/n079
Deutsch,https://w3id.org/kim/hochschulfaechersystematik/n09; https://w3id.org/kim/hochschulfaechersystematik/n067
Deutsch als Fremdsprache,https://w3id.org/kim/hochschulfaechersystematik/n271
Dezentrale Standorte,
Didaktik der Informatik,https://w3id.org/kim/hochschulfaechersystematik/n079
Didaktik der politischen Bildung,https://w3id.org/kim/hochschulfaechersystematik/n25; https://w3id.org/kim/hochschulfaechersystematik/n129
Differentielle und Persönlichkeitspsychologie,https://w3id.org/kim/hochschulfaechersystematik/n132
Digitale Transformation,https://w3id.org/kim/hochschulfaechersystematik/n079; https://w3id.org/kim/hochschulfaechersystematik/n222; https://w3id.org/kim/hochschulfaechersystematik/n253
Digitaltechnik und Rechnerarchitektur,https://w3id.org/kim/hochschulfaechersystematik/n64; https://w3id.org/kim/hochschulfaechersystematik/n123
E-Learning,https://w3id.org/kim/hochschulfaechersystematik/n052
E-Learning-Angebote,https://w3id.org/kim/hochschulfaechersystematik/n052
eCampus,https://w3id.org/kim/hochschulfaechersystematik/n052
Economics,https://w3id.org/kim/hochschulfaechersystematik/n184; https://w3id.org/kim/hochschulfaechersystematik/n175
Electrical Engineering,https://w3id.org/kim/hochschulfaechersystematik/n048
Elektrische Energieversorgung und Hochspannungstechnik,https://w3id.org/kim/hochschulfaechersystematik/n048; https://w3id.org/kim/hochschulfaechersystematik/n316
Elektro- und Informationstechnik,https://w3id.org/kim/hochschulfaechersystematik/n64
Elektrotechnik,https://w3id.org/kim/hochschulfaechersystematik/n048
Elektrotechnik und Informatik,https://w3id.org/kim/hochschulfaechersystematik/n048; https://w3id.org/kim/hochschulfaechersystematik/n079
Elektrotechnik und Informationstechnik,https://w3id.org/kim/hochschulfaechersystematik/n64
Elektrotechnisches Institut,https://w3id.org/kim/hochschulfaechersystematik/n048
Energie und Hochspannungstechnik,https://w3id.org/kim/hochschulfaechersystematik/n048; https://w3id.org/kim/hochschulfaechersystematik/n316
Energietechnik,https://w3id.org/kim/hochschulfaechersystematik/n316; https://w3id.org/kim/hochschulfaechersystematik/n211
Energieverfahrenstechnik,https://w3id.org/kim/hochschulfaechersystematik/n316; https://w3id.org/kim/hochschulfaechersystematik/n211
Englisch,https://w3id.org/kim/hochschulfaechersystematik/n008
Englische Literaturwissenschaft,https://w3id.org/kim/hochschulfaechersystematik/n008
Entrepreneurship und Innovation,https://w3id.org/kim/hochschulfaechersystematik/n021; https://w3id.org/kim/hochschulfaechersystematik/n182; https://w3id.org/kim/hochschulfaechersystematik/n184
Entwicklungspsychologie und Neurowissenschaft der Lebensspanne,https://w3id.org/kim/hochschulfaechersystematik/n132; https://w3id.org/kim/hochschulfaechersystematik/n107
Environmental Engineering,https://w3id.org/kim/hochschulfaechersystematik/n457
Erwachsenenbildung und Weiterbildung,https://w3id.org/kim/hochschulfaechersystematik/n052; https://w3id.org/kim/hochschulfaechersystematik/n321
Erziehungswissenschaften,https://w3id.org/kim/hochschulfaechersystematik/n052
Erziehungswissenschaftliche Fakultät,https://w3id.org/kim/hochschulfaechersystematik/n052
Europäische Geschichte,https://w3id.org/kim/hochschulfaechersystematik/n068
Europäische Studien,https://w3id.org/kim/hochschulfaechersystematik/n024
Evangelische Theologie,https://w3id.org/kim/hochschulfaechersystematik/n02; https://w3id.org/kim/hochschulfaechersystematik/n053
Fachdidaktik Philosophieren mit Kindern,https://w3id.org/kim/hochschulfaechersystematik/n365; https://w3id.org/kim/hochschulfaechersystematik/n115
Fächer und Didaktik des Faches,https://w3id.org/kim/hochschulfaechersystematik/n052
Fächer und ihre Didaktik,https://w3id.org/kim/hochschulfaechersystematik/n052
Fächer und ihre Fachdidaktik,https://w3id.org/kim/hochschulfaechersystematik/n052
Fachschaftsrat,https://w3id.org/kim/hochschulfaechersystematik/n29
Fahrzeugtechnik,https://w3id.org/kim/hochschulfaechersystematik/n235
Feinwerktechnik und Elektronik-Design,https://w3id.org/kim/hochschulfaechersystematik/n048; https://w3id.org/kim/hochschulfaechersystematik/n157; https://w3id.org/kim/hochschulfaechersystematik/n104
Fertigungstechnik,https://w3id.org/kim/hochschulfaechersystematik/n104; https://w3id.org/kim/hochschulfaechersystematik/n202
Festkörper- und Materialphysik,https://w3id.org/kim/hochschulfaechersystematik/n0128
Financial Economics and Global Markets,https://w3id.org/kim/hochschulfaechersystematik/n184; https://w3id.org/kim/hochschulfaechersystematik/n175
Finanzwirtschaft und Finanzdienstleistungen,https://w3id.org/kim/hochschulfaechersystematik/n175
Förderpädagogik,https://w3id.org/kim/hochschulfaechersystematik/n052; https://w3id.org/kim/hochschulfaechersystematik/n361
Forschungsmethoden und Evaluation,
Forstbotanik,https://w3id.org/kim/hochschulfaechersystematik/n058
Forstbotanik und Forstzoologie,https://w3id.org/kim/hochschulfaechersystematik/n058
Forstnutzung und Forsttechnik,https://w3id.org/kim/hochschulfaechersystematik/n058
Forstwissenschaften,https://w3id.org/kim/hochschulfaechersystematik/n058
frankophoner Kulturraum,https://w3id.org/kim/hochschulfaechersystematik/n059
Französisch,https://w3id.org/kim/hochschulfaechersystematik/n059
Französische Literatur,https://w3id.org/kim/hochschulfaechersystematik/n059
Fremdsprachen,
Funktionsintegrierende Kunststofftechnologien,https://w3id.org/kim/hochschulfaechersystematik/n219
Gebäudelehre und Entwerfen,https://w3id.org/kim/hochschulfaechersystematik/n013
Geistes- und Sozialwissenschaften,https://w3id.org/kim/hochschulfaechersystematik/n1; https://w3id.org/kim/hochschulfaechersystematik/n26
Generaldirektion,
Geographie,https://w3id.org/kim/hochschulfaechersystematik/n44
Geoinformatik,https://w3id.org/kim/hochschulfaechersystematik/n44; https://w3id.org/kim/hochschulfaechersystematik/n079
Geoinformation,https://w3id.org/kim/hochschulfaechersystematik/n039; https://w3id.org/kim/hochschulfaechersystematik/n280; https://w3id.org/kim/hochschulfaechersystematik/n079; https://w3id.org/kim/hochschulfaechersystematik/n44; https://w3id.org/kim/hochschulfaechersystematik/n079
Geoinformation & Management,https://w3id.org/kim/hochschulfaechersystematik/n039; https://w3id.org/kim/hochschulfaechersystematik/n280; https://w3id.org/kim/hochschulfaechersystematik/n079; https://w3id.org/kim/hochschulfaechersystematik/n44; https://w3id.org/kim/hochschulfaechersystematik/n079
Geologie,https://w3id.org/kim/hochschulfaechersystematik/n065
Geophysik und Geoinformatik,https://w3id.org/kim/hochschulfaechersystematik/n066; https://w3id.org/kim/hochschulfaechersystematik/n44; https://w3id.org/kim/hochschulfaechersystematik/n079
Geotechnik,https://w3id.org/kim/hochschulfaechersystematik/n039
Geowissenschaften,https://w3id.org/kim/hochschulfaechersystematik/n039
"Geowissenschaften, Geotechnik und Bergbau",https://w3id.org/kim/hochschulfaechersystematik/n039; https://w3id.org/kim/hochschulfaechersystematik/n020
Germanistik,https://w3id.org/kim/hochschulfaechersystematik/n09; https://w3id.org/kim/hochschulfaechersystematik/n067
Germanistische Sprachwissenschaft,https://w3id.org/kim/hochschulfaechersystematik/n09; https://w3id.org/kim/hochschulfaechersystematik/n067
Geschichte,https://w3id.org/kim/hochschulfaechersystematik/n068
Gestaltung von Straßenverkehrsanlagen,https://w3id.org/kim/hochschulfaechersystematik/n089; https://w3id.org/kim/hochschulfaechersystematik/n268
Gesundheits- und Sozialmanagement,https://w3id.org/kim/hochschulfaechersystematik/n232; https://w3id.org/kim/hochschulfaechersystematik/n234; https://w3id.org/kim/hochschulfaechersystematik/n253
Gießerei-Institut,https://w3id.org/kim/hochschulfaechersystematik/n108
Glas und Glastechnologie,https://w3id.org/kim/hochschulfaechersystematik/n216
Graduierten- und Forschungsakademie,
Grundlagen der Elektrotechnik und Elektronik,https://w3id.org/kim/hochschulfaechersystematik/n048
Grundlagen der Elektrotechnik und Halbleiterelektronik,https://w3id.org/kim/hochschulfaechersystematik/n048; https://w3id.org/kim/hochschulfaechersystematik/n157; https://w3id.org/kim/hochschulfaechersystematik/n380
Grundlagen der Gestaltung und Darstellung,https://w3id.org/kim/hochschulfaechersystematik/n76
Grundlagen des Entwerfens,https://w3id.org/kim/hochschulfaechersystematik/n76
Grundschuldidaktik,https://w3id.org/kim/hochschulfaechersystematik/n115
Grundwasserwirtschaft,https://w3id.org/kim/hochschulfaechersystematik/n077
Halbleiter- und Mikrosystemtechnik,https://w3id.org/kim/hochschulfaechersystematik/n048; https://w3id.org/kim/hochschulfaechersystematik/n157; https://w3id.org/kim/hochschulfaechersystematik/n286; https://w3id.org/kim/hochschulfaechersystematik/n380
Handel und Internationales Management,https://w3id.org/kim/hochschulfaechersystematik/n182
Heilpädagogik,https://w3id.org/kim/hochschulfaechersystematik/n195
Hochfrequenztechnik und Theoretische Elektrotechnik,https://w3id.org/kim/hochschulfaechersystematik/n048
Hochschulbibliothek,https://w3id.org/kim/hochschulfaechersystematik/n262; https://w3id.org/kim/hochschulfaechersystematik/n06
Hochschuldidaktische Weiterbildung,https://w3id.org/kim/hochschulfaechersystematik/n321; https://w3id.org/kim/hochschulfaechersystematik/n052
"Hochschulkolleg,  Fremdsprachen und Interkulturalität",https://w3id.org/kim/hochschulfaechersystematik/n004
Höheres   Lehramt an Gymnasien,https://w3id.org/kim/hochschulfaechersystematik/n361
Holztechnik und Faserwerkstofftechnik,https://w3id.org/kim/hochschulfaechersystematik/n082
Human- und Sozialwissenschaften,https://w3id.org/kim/hochschulfaechersystematik/n26
Hydrobiologie,https://w3id.org/kim/hochschulfaechersystematik/n026
Hydrologie und Meteorologie,https://w3id.org/kim/hochschulfaechersystematik/n110; https://w3id.org/kim/hochschulfaechersystematik/n077
Hydrowissenschaften,https://w3id.org/kim/hochschulfaechersystematik/n077
Immobilien- und Facilities Management,https://w3id.org/kim/hochschulfaechersystematik/n464
Inclusion Studies,https://w3id.org/kim/hochschulfaechersystematik/n195
Industrial Management,https://w3id.org/kim/hochschulfaechersystematik/n021; https://w3id.org/kim/hochschulfaechersystematik/n182
Industriebau,https://w3id.org/kim/hochschulfaechersystematik/n68; https://w3id.org/kim/hochschulfaechersystematik/n017
Informatik,https://w3id.org/kim/hochschulfaechersystematik/n079; https://w3id.org/kim/hochschulfaechersystematik/n71
Informatik und Medien,https://w3id.org/kim/hochschulfaechersystematik/n079; https://w3id.org/kim/hochschulfaechersystematik/n121
"Informatik, Mathematik und Naturwissenschaften",https://w3id.org/kim/hochschulfaechersystematik/n079; https://w3id.org/kim/hochschulfaechersystematik/n105; https://w3id.org/kim/hochschulfaechersystematik/n36; https://w3id.org/kim/hochschulfaechersystematik/n4
Informationskompetenz,https://w3id.org/kim/hochschulfaechersystematik/n06; https://w3id.org/kim/hochschulfaechersystematik/n262
Informationssysteme in Industrie und Handel,https://w3id.org/kim/hochschulfaechersystematik/n277; https://w3id.org/kim/hochschulfaechersystematik/n184
Informationstechnik,https://w3id.org/kim/hochschulfaechersystematik/n64; https://w3id.org/kim/hochschulfaechersystematik/n222
Informationstechnologie,https://w3id.org/kim/hochschulfaechersystematik/n222
Infrastrukturmanagement,https://w3id.org/kim/hochschulfaechersystematik/n68
Ingenieurpsychologie und angewandte Kognitionsforschung,https://w3id.org/kim/hochschulfaechersystematik/n132
Ingenieurwissenschaften,https://w3id.org/kim/hochschulfaechersystematik/n8
Integrierte Managementsysteme / Integriertes Management,https://w3id.org/kim/hochschulfaechersystematik/n182
Integrierte Verkehrsplanung und Straßenverkehrstechnik,https://w3id.org/kim/hochschulfaechersystematik/n268; https://w3id.org/kim/hochschulfaechersystematik/n210; https://w3id.org/kim/hochschulfaechersystematik/n089
International Business,https://w3id.org/kim/hochschulfaechersystematik/n182
Internationale Forst- und Holzwirtschaft,https://w3id.org/kim/hochschulfaechersystematik/n59; https://w3id.org/kim/hochschulfaechersystematik/n058; https://w3id.org/kim/hochschulfaechersystematik/n075
Internationale Politik,https://w3id.org/kim/hochschulfaechersystematik/n25; https://w3id.org/kim/hochschulfaechersystematik/n129
Internationales Management,https://w3id.org/kim/hochschulfaechersystematik/n182
"Internationales Recht, Geistiges Eigentum und Technikrecht",https://w3id.org/kim/hochschulfaechersystematik/n28; https://w3id.org/kim/hochschulfaechersystematik/n135
Internationales Universitätszentrum,
Italienische Literatur,https://w3id.org/kim/hochschulfaechersystematik/n084
Jazz,https://w3id.org/kim/hochschulfaechersystematik/n164; https://w3id.org/kim/hochschulfaechersystematik/n78
Junior-Ingenieur-Akademie,https://w3id.org/kim/hochschulfaechersystematik/n8; https://w3id.org/kim/hochschulfaechersystematik/n61
Kälte-Kryo-Kompressorentechnik,https://w3id.org/kim/hochschulfaechersystematik/n211; https://w3id.org/kim/hochschulfaechersystematik/n104
Kartographie,https://w3id.org/kim/hochschulfaechersystematik/n280
Katholische Theologie,https://w3id.org/kim/hochschulfaechersystematik/n03; https://w3id.org/kim/hochschulfaechersystematik/n086
Kern- und Teilchenphysik,https://w3id.org/kim/hochschulfaechersystematik/n0128
Klassische Philologie,https://w3id.org/kim/hochschulfaechersystematik/n08; https://w3id.org/kim/hochschulfaechersystematik/n005
Klinik,https://w3id.org/kim/hochschulfaechersystematik/n107
Kognitive und Klinische Neurowissenschaft,https://w3id.org/kim/hochschulfaechersystematik/n026; https://w3id.org/kim/hochschulfaechersystematik/n300; https://w3id.org/kim/hochschulfaechersystematik/n132
Kommunikationspsychologie,https://w3id.org/kim/hochschulfaechersystematik/n132
Kommunikationstechnik,https://w3id.org/kim/hochschulfaechersystematik/n200; https://w3id.org/kim/hochschulfaechersystematik/n222
Kommunikationswissenschaft,https://w3id.org/kim/hochschulfaechersystematik/n303
Konstruktions- und Fertigungstechnik,https://w3id.org/kim/hochschulfaechersystematik/n202; https://w3id.org/kim/hochschulfaechersystematik/n63
Kraftfahrzeugtechnik,https://w3id.org/kim/hochschulfaechersystematik/n104
Kraftfahrzeugtechnik   Günther Prokop,https://w3id.org/kim/hochschulfaechersystematik/n104
Kulturwissenschaft,https://w3id.org/kim/hochschulfaechersystematik/n14
Kunst,https://w3id.org/kim/hochschulfaechersystematik/n74
Kunst- und Musikwissenschaft,https://w3id.org/kim/hochschulfaechersystematik/n74; https://w3id.org/kim/hochschulfaechersystematik/n78
Kunstgeschichte,https://w3id.org/kim/hochschulfaechersystematik/n092
Kunstpädagogik,https://w3id.org/kim/hochschulfaechersystematik/n091
Labor- und Prozesstechnik,https://w3id.org/kim/hochschulfaechersystematik/n63; https://w3id.org/kim/hochschulfaechersystematik/n226; https://w3id.org/kim/hochschulfaechersystematik/n213
Land- und Ernährungswirtschaft,https://w3id.org/kim/hochschulfaechersystematik/n003; https://w3id.org/kim/hochschulfaechersystematik/n320; https://w3id.org/kim/hochschulfaechersystematik/n7
Landbau,https://w3id.org/kim/hochschulfaechersystematik/n003
Landschaftsarchitektur,https://w3id.org/kim/hochschulfaechersystematik/n093; https://w3id.org/kim/hochschulfaechersystematik/n013
Landschaftsentwicklung,https://w3id.org/kim/hochschulfaechersystematik/n093
Languages and Business,https://w3id.org/kim/hochschulfaechersystematik/n284
Laser- und Oberflächentechnik,https://w3id.org/kim/hochschulfaechersystematik/n202; https://w3id.org/kim/hochschulfaechersystematik/n224
Lebensmittelchemie,https://w3id.org/kim/hochschulfaechersystematik/n096
Lebensmittelsicherheit,
Lehramt,https://w3id.org/kim/hochschulfaechersystematik/n052; https://w3id.org/kim/hochschulfaechersystematik/n361
Lehramt an berufsbildenden Schulen,https://w3id.org/kim/hochschulfaechersystematik/n052; https://w3id.org/kim/hochschulfaechersystematik/n361; https://w3id.org/kim/hochschulfaechersystematik/n270
Lehramt an Grundschulen,https://w3id.org/kim/hochschulfaechersystematik/n115; https://w3id.org/kim/hochschulfaechersystematik/n052; https://w3id.org/kim/hochschulfaechersystematik/n361
Lehramt an Gymnasien,https://w3id.org/kim/hochschulfaechersystematik/n052; https://w3id.org/kim/hochschulfaechersystematik/n361
Lehramt an Mittelschulen,https://w3id.org/kim/hochschulfaechersystematik/n052; https://w3id.org/kim/hochschulfaechersystematik/n361
Lehrveranstaltungen  mathematische und Lehramts,https://w3id.org/kim/hochschulfaechersystematik/n052; https://w3id.org/kim/hochschulfaechersystematik/n361; https://w3id.org/kim/hochschulfaechersystematik/n105
Lehrzentrum Sprachen und Kulturräume,https://w3id.org/kim/hochschulfaechersystematik/n090
Luft- und Raumfahrttechnik,https://w3id.org/kim/hochschulfaechersystematik/n057
"Magnetofluiddynamik, Mess- und Automatisierungstechnik",https://w3id.org/kim/hochschulfaechersystematik/n8; https://w3id.org/kim/hochschulfaechersystematik/n104; https://w3id.org/kim/hochschulfaechersystematik/n048
Makroökonomie,https://w3id.org/kim/hochschulfaechersystematik/n175
Management and Marketing,https://w3id.org/kim/hochschulfaechersystematik/n182; https://w3id.org/kim/hochschulfaechersystematik/n021
Management- und Kulturwissenschaften,https://w3id.org/kim/hochschulfaechersystematik/n14; https://w3id.org/kim/hochschulfaechersystematik/n182; https://w3id.org/kim/hochschulfaechersystematik/n021
Marktorientierte Unternehmensführung,https://w3id.org/kim/hochschulfaechersystematik/n021
Maschinenbau,https://w3id.org/kim/hochschulfaechersystematik/n104
Maschinenbau mit Physik,https://w3id.org/kim/hochschulfaechersystematik/n104; https://w3id.org/kim/hochschulfaechersystematik/n0128
Maschinenbau und Energietechnik,https://w3id.org/kim/hochschulfaechersystematik/n104; https://w3id.org/kim/hochschulfaechersystematik/n211; https://w3id.org/kim/hochschulfaechersystematik/n316
"Maschinenbau, Verfahrens- und Energietechnik",https://w3id.org/kim/hochschulfaechersystematik/n104; https://w3id.org/kim/hochschulfaechersystematik/n211; https://w3id.org/kim/hochschulfaechersystematik/n316; https://w3id.org/kim/hochschulfaechersystematik/n63; https://w3id.org/kim/hochschulfaechersystematik/n226
Maschinenelemente und Maschinenkonstruktion,https://w3id.org/kim/hochschulfaechersystematik/n104; https://w3id.org/kim/hochschulfaechersystematik/n63
Maschinenelemente und Produktentwicklung,https://w3id.org/kim/hochschulfaechersystematik/n104; https://w3id.org/kim/hochschulfaechersystematik/n203
"Maschinenelemente, Konstruktion und Fertigung",https://w3id.org/kim/hochschulfaechersystematik/n104; https://w3id.org/kim/hochschulfaechersystematik/n63; https://w3id.org/kim/hochschulfaechersystematik/n202
Maschinenwesen,https://w3id.org/kim/hochschulfaechersystematik/n104
Massivbau,https://w3id.org/kim/hochschulfaechersystematik/n68; https://w3id.org/kim/hochschulfaechersystematik/n017
Materialwissenschaft und Nanotechnik,https://w3id.org/kim/hochschulfaechersystematik/n294; https://w3id.org/kim/hochschulfaechersystematik/n0128; https://w3id.org/kim/hochschulfaechersystematik/n032; https://w3id.org/kim/hochschulfaechersystematik/n097
Mathematik,https://w3id.org/kim/hochschulfaechersystematik/n105; https://w3id.org/kim/hochschulfaechersystematik/n37
Mathematik und Informatik,https://w3id.org/kim/hochschulfaechersystematik/n105; https://w3id.org/kim/hochschulfaechersystematik/n079
Mathematik und Naturwissenschaften,https://w3id.org/kim/hochschulfaechersystematik/n4; https://w3id.org/kim/hochschulfaechersystematik/n36; https://w3id.org/kim/hochschulfaechersystematik/n105
Mechanik und Fluiddynamik,https://w3id.org/kim/hochschulfaechersystematik/n8; https://w3id.org/kim/hochschulfaechersystematik/n224; https://w3id.org/kim/hochschulfaechersystematik/n0128; 
Mechanische Verfahrenstechnik und Aufbereitungstechnik,https://w3id.org/kim/hochschulfaechersystematik/n63; https://w3id.org/kim/hochschulfaechersystematik/n226
Mechatroniksysteme und Fahrzeugmechatronik,https://w3id.org/kim/hochschulfaechersystematik/n380; https://w3id.org/kim/hochschulfaechersystematik/n235
Mechatronischen Maschinenbau,https://w3id.org/kim/hochschulfaechersystematik/n380; https://w3id.org/kim/hochschulfaechersystematik/n104
Media Computing,https://w3id.org/kim/hochschulfaechersystematik/n121; https://w3id.org/kim/hochschulfaechersystematik/n305; https://w3id.org/kim/hochschulfaechersystematik/n287
Media- and Acoustical Engineering,https://w3id.org/kim/hochschulfaechersystematik/n305
Medien,https://w3id.org/kim/hochschulfaechersystematik/n302
Medien-Informatik,https://w3id.org/kim/hochschulfaechersystematik/n121
Medieninformatik,https://w3id.org/kim/hochschulfaechersystematik/n121
Medienwissenschaft und Neuere Deutsche Literatur,https://w3id.org/kim/hochschulfaechersystematik/n302; https://w3id.org/kim/hochschulfaechersystematik/n067; https://w3id.org/kim/hochschulfaechersystematik/n09
Medienzentrum,https://w3id.org/kim/hochschulfaechersystematik/n302
Medizin,https://w3id.org/kim/hochschulfaechersystematik/n107
Medizinische Fakultät Carl Gustav Carus,https://w3id.org/kim/hochschulfaechersystematik/n107
Meteorologie,https://w3id.org/kim/hochschulfaechersystematik/n110
Methoden der Psychologie,https://w3id.org/kim/hochschulfaechersystematik/n132
Mineralogie,https://w3id.org/kim/hochschulfaechersystematik/n111
Musikpädagogik,https://w3id.org/kim/hochschulfaechersystematik/n113
Musikwissenschaft,https://w3id.org/kim/hochschulfaechersystematik/n78
Nachhaltigkeits- und Immobilienmanagement,https://w3id.org/kim/hochschulfaechersystematik/n464
Nachrichtentechnik,https://w3id.org/kim/hochschulfaechersystematik/n222
Natur- und Umweltwissenschaften,https://w3id.org/kim/hochschulfaechersystematik/n186; https://w3id.org/kim/hochschulfaechersystematik/n457; https://w3id.org/kim/hochschulfaechersystematik/n458
Naturstofftechnik,https://w3id.org/kim/hochschulfaechersystematik/n457; https://w3id.org/kim/hochschulfaechersystematik/n63
Naturwissenschaften,https://w3id.org/kim/hochschulfaechersystematik/n4; https://w3id.org/kim/hochschulfaechersystematik/n36
NDL und Didaktik der deutschen Sprache und Literatur,https://w3id.org/kim/hochschulfaechersystematik/n09; https://w3id.org/kim/hochschulfaechersystematik/n067
Neuere deutsche Literatur- und Kulturgeschichte,https://w3id.org/kim/hochschulfaechersystematik/n09; https://w3id.org/kim/hochschulfaechersystematik/n067
Nordamerikastudien,https://w3id.org/kim/hochschulfaechersystematik/n006; https://w3id.org/kim/hochschulfaechersystematik/n10
Öffentliche Bauten,https://w3id.org/kim/hochschulfaechersystematik/n013
Ökologie und Umweltschutz,https://w3id.org/kim/hochschulfaechersystematik/n458; https://w3id.org/kim/hochschulfaechersystematik/n385
Orchester,https://w3id.org/kim/hochschulfaechersystematik/n165; https://w3id.org/kim/hochschulfaechersystematik/n78
Organisations- und Wirtschaftspsychologie,https://w3id.org/kim/hochschulfaechersystematik/n132
Organische Chemie,https://w3id.org/kim/hochschulfaechersystematik/n032
Ostasienzentrum,https://w3id.org/kim/hochschulfaechersystematik/n187
Pflanzenverwendung,https://w3id.org/kim/hochschulfaechersystematik/n026
Philosophie,https://w3id.org/kim/hochschulfaechersystematik/n127; https://w3id.org/kim/hochschulfaechersystematik/n04
Philosophische Fakultät,https://w3id.org/kim/hochschulfaechersystematik/n127; https://w3id.org/kim/hochschulfaechersystematik/n04
Photogrammetrie und Fernerkundung,https://w3id.org/kim/hochschulfaechersystematik/n039; https://w3id.org/kim/hochschulfaechersystematik/n171
Physician Assistant,https://w3id.org/kim/hochschulfaechersystematik/n0128
Physik,https://w3id.org/kim/hochschulfaechersystematik/n0128
Physikalische Technik / Informatik,https://w3id.org/kim/hochschulfaechersystematik/n224; https://w3id.org/kim/hochschulfaechersystematik/n079
Politikwissenschaft,https://w3id.org/kim/hochschulfaechersystematik/n25; https://w3id.org/kim/hochschulfaechersystematik/n129
Politische Systeme und Systemvergleich,https://w3id.org/kim/hochschulfaechersystematik/n25
Politische Theorie und Ideengeschichte,https://w3id.org/kim/hochschulfaechersystematik/n25; https://w3id.org/kim/hochschulfaechersystematik/n068
Pop,https://w3id.org/kim/hochschulfaechersystematik/n164; https://w3id.org/kim/hochschulfaechersystematik/n78
POWI I Politische Theorie und Ideengeschichte,https://w3id.org/kim/hochschulfaechersystematik/n25; https://w3id.org/kim/hochschulfaechersystematik/n068
POWI II Politische Systeme,https://w3id.org/kim/hochschulfaechersystematik/n25
POWI IV Europäische Regierungssysteme im Vergleich,https://w3id.org/kim/hochschulfaechersystematik/n25
POWI V Politikwissenschaftliche Forschungsmethoden,https://w3id.org/kim/hochschulfaechersystematik/n25
Produktionstechnik,https://w3id.org/kim/hochschulfaechersystematik/n202
Computergraphik und Visualisierung,https://w3id.org/kim/hochschulfaechersystematik/n069; https://w3id.org/kim/hochschulfaechersystematik/n121
Psychologie,https://w3id.org/kim/hochschulfaechersystematik/n132; https://w3id.org/kim/hochschulfaechersystematik/n32
Psychologie des Lehrens und Lernens,https://w3id.org/kim/hochschulfaechersystematik/n132; https://w3id.org/kim/hochschulfaechersystematik/n33; https://w3id.org/kim/hochschulfaechersystematik/n052
Public Management,https://w3id.org/kim/hochschulfaechersystematik/n29; https://w3id.org/kim/hochschulfaechersystematik/n172
Public Sector Economics,https://w3id.org/kim/hochschulfaechersystematik/n29; https://w3id.org/kim/hochschulfaechersystematik/n021
"Pulvermetallurgie, Sinter- und Verbundwerkstoffe",https://w3id.org/kim/hochschulfaechersystematik/n62; https://w3id.org/kim/hochschulfaechersystematik/n076; https://w3id.org/kim/hochschulfaechersystematik/n219; https://w3id.org/kim/hochschulfaechersystematik/n294
QUER - Qualifikationsprogramm  Akademiker zum Einstieg in den Lehrerberuf,https://w3id.org/kim/hochschulfaechersystematik/n052; https://w3id.org/kim/hochschulfaechersystematik/n361
Regelungs- und Steuerungstheorie,https://w3id.org/kim/hochschulfaechersystematik/n64
Regelungstechnik und Systemdynamik,https://w3id.org/kim/hochschulfaechersystematik/n8
Rehabilitation Engineering,https://w3id.org/kim/hochschulfaechersystematik/n68
Rock,https://w3id.org/kim/hochschulfaechersystematik/n78
Rohstoffabbau und Spezialverfahren unter Tage,https://w3id.org/kim/hochschulfaechersystematik/n62; https://w3id.org/kim/hochschulfaechersystematik/n020
Romanistik,https://w3id.org/kim/hochschulfaechersystematik/n11
Sachunterricht,https://w3id.org/kim/hochschulfaechersystematik/n254
Schulmusik,https://w3id.org/kim/hochschulfaechersystematik/n113
Schulpraktische Studien,https://w3id.org/kim/hochschulfaechersystematik/n052
Service - Career Center,https://w3id.org/kim/hochschulfaechersystematik/n257
Service - Sozialkontaktstelle,https://w3id.org/kim/hochschulfaechersystematik/n253
Service Engineering,https://w3id.org/kim/hochschulfaechersystematik/n079
Siedlungs- und Industriewasserwirtschaft,https://w3id.org/kim/hochschulfaechersystematik/n077
Slavistik,https://w3id.org/kim/hochschulfaechersystematik/n146; https://w3id.org/kim/hochschulfaechersystematik/n12
Software- und Multimediatechnik,https://w3id.org/kim/hochschulfaechersystematik/n222; https://w3id.org/kim/hochschulfaechersystematik/n305
Softwaretechnologie,https://w3id.org/kim/hochschulfaechersystematik/n079
Sozial- und Kulturwissenschaften,https://w3id.org/kim/hochschulfaechersystematik/n26; https://w3id.org/kim/hochschulfaechersystematik/n148; https://w3id.org/kim/hochschulfaechersystematik/n14
Soziale Arbeit,https://w3id.org/kim/hochschulfaechersystematik/n208
Soziales,https://w3id.org/kim/hochschulfaechersystematik/n245; https://w3id.org/kim/hochschulfaechersystematik/n148; https://w3id.org/kim/hochschulfaechersystematik/n149; https://w3id.org/kim/hochschulfaechersystematik/n147
Sozialpädagogik,https://w3id.org/kim/hochschulfaechersystematik/n245
"Sozialpädagogik, Sozialarbeit und Wohlfahrtswissenschaften",https://w3id.org/kim/hochschulfaechersystematik/n245; https://w3id.org/kim/hochschulfaechersystematik/n208
Sozialpsychologie,https://w3id.org/kim/hochschulfaechersystematik/n132
Sozialwissenschaften,https://w3id.org/kim/hochschulfaechersystematik/n26; https://w3id.org/kim/hochschulfaechersystematik/n148
Soziologie,https://w3id.org/kim/hochschulfaechersystematik/n149
Soziologische Theorien,https://w3id.org/kim/hochschulfaechersystematik/n149
"Sprach-, Literatur- und Kulturwissenschaften",https://w3id.org/kim/hochschulfaechersystematik/n07; https://w3id.org/kim/hochschulfaechersystematik/n004; https://w3id.org/kim/hochschulfaechersystematik/n090
Sprachen,https://w3id.org/kim/hochschulfaechersystematik/n07; https://w3id.org/kim/hochschulfaechersystematik/n284
Sprachenzentrum,https://w3id.org/kim/hochschulfaechersystematik/n07; https://w3id.org/kim/hochschulfaechersystematik/n284
Sprachlernseminare,https://w3id.org/kim/hochschulfaechersystematik/n07; https://w3id.org/kim/hochschulfaechersystematik/n284
Sprecherziehung,https://w3id.org/kim/hochschulfaechersystematik/n365; https://w3id.org/kim/hochschulfaechersystematik/n190
Städtebau und Regionalplanung,https://w3id.org/kim/hochschulfaechersystematik/n134; https://w3id.org/kim/hochschulfaechersystematik/n67
Stahl- und Holzbau,https://w3id.org/kim/hochschulfaechersystematik/n429; https://w3id.org/kim/hochschulfaechersystematik/n197
Stegreif-Entwurf,
Steuerberatung / Wirtschaftsprüfung,https://w3id.org/kim/hochschulfaechersystematik/n184; https://w3id.org/kim/hochschulfaechersystematik/n3; https://w3id.org/kim/hochschulfaechersystematik/n135; https://w3id.org/kim/hochschulfaechersystematik/n28; https://w3id.org/kim/hochschulfaechersystematik/n042
Strahlentechnik und Strahlenschutz,https://w3id.org/kim/hochschulfaechersystematik/n241
StudentLab SteigtUM,https://w3id.org/kim/hochschulfaechersystematik/n257
Studio Wohnbauten,https://w3id.org/kim/hochschulfaechersystematik/n013
Systemarchitektur,https://w3id.org/kim/hochschulfaechersystematik/n079
Systementwicklung,
Technik,https://w3id.org/kim/hochschulfaechersystematik/n199
Technik spurgeführter Fahrzeuge,https://w3id.org/kim/hochschulfaechersystematik/n235
Technische Informatik,https://w3id.org/kim/hochschulfaechersystematik/n123
Technische Thermodynamik,https://w3id.org/kim/hochschulfaechersystematik/n0128
Technisches Management,https://w3id.org/kim/hochschulfaechersystematik/n199
Textil- und Ledertechnik,https://w3id.org/kim/hochschulfaechersystematik/n225
Theoretische Physik,https://w3id.org/kim/hochschulfaechersystematik/n0128
Theorie & Praxis der Sportarten,https://w3id.org/kim/hochschulfaechersystematik/n22; https://w3id.org/kim/hochschulfaechersystematik/n029
"Thermische Verfahrenstechnik, Umwelt- und Naturstoffverfahrenstechnik",https://w3id.org/kim/hochschulfaechersystematik/n226; https://w3id.org/kim/hochschulfaechersystematik/n457
Tourismus,https://w3id.org/kim/hochschulfaechersystematik/n274
Transportprozesse an Grenzflächen,https://w3id.org/kim/hochschulfaechersystematik/n074
Ultrapräzisionsbearbeitung von Oberflächen mit Ionen und Plasmen,https://w3id.org/kim/hochschulfaechersystematik/n202
Umwelt,
Umweltmanagement und Energiewirtschaft,https://w3id.org/kim/hochschulfaechersystematik/n184
Umweltmikrobiologie,https://w3id.org/kim/hochschulfaechersystematik/n026
Umweltmonitoring,
Umweltwissenschaften,
Universitätsbibliothek,https://w3id.org/kim/hochschulfaechersystematik/n262
Unternehmensführung,https://w3id.org/kim/hochschulfaechersystematik/n021
Verbrennungsmotoren und Antriebssysteme   Frank Atzler,https://w3id.org/kim/hochschulfaechersystematik/n235
Verbundwerkstoffe und Werkstoffverbunde,https://w3id.org/kim/hochschulfaechersystematik/n219
Verfahrenstechnik und Naturstofftechnik,https://w3id.org/kim/hochschulfaechersystematik/n226; https://w3id.org/kim/hochschulfaechersystematik/n457; https://w3id.org/kim/hochschulfaechersystematik/n63
Verfahrenstechnik und Umwelttechnik,https://w3id.org/kim/hochschulfaechersystematik/n226; https://w3id.org/kim/hochschulfaechersystematik/n457
Verkehrsplanung und Straßenverkehr,https://w3id.org/kim/hochschulfaechersystematik/n089; https://w3id.org/kim/hochschulfaechersystematik/n268
Verkehrspsychologie,https://w3id.org/kim/hochschulfaechersystematik/n089; https://w3id.org/kim/hochschulfaechersystematik/n268; https://w3id.org/kim/hochschulfaechersystematik/n132
Verkehrstelematik,https://w3id.org/kim/hochschulfaechersystematik/n089; https://w3id.org/kim/hochschulfaechersystematik/n268; https://w3id.org/kim/hochschulfaechersystematik/n210; https://w3id.org/kim/hochschulfaechersystematik/n079
Verkehrswirtschaft,https://w3id.org/kim/hochschulfaechersystematik/n210
Verkehrswissenschaften,https://w3id.org/kim/hochschulfaechersystematik/n089; https://w3id.org/kim/hochschulfaechersystematik/n268
Vermögensmanagement,
Vocational Education and Personnel Capacity Building,https://w3id.org/kim/hochschulfaechersystematik/n270; https://w3id.org/kim/hochschulfaechersystematik/n257
Vokationomie / Berufs- und Wirtschaftspädagogik,https://w3id.org/kim/hochschulfaechersystematik/n270
VWL,https://w3id.org/kim/hochschulfaechersystematik/n175
Waldbau und Forstschutz,https://w3id.org/kim/hochschulfaechersystematik/n59
Wärmetechnik und Thermodynamik,https://w3id.org/kim/hochschulfaechersystematik/n0128
Wasserbau und Technische Hydromechanik,https://w3id.org/kim/hochschulfaechersystematik/n094
Wasserchemie,https://w3id.org/kim/hochschulfaechersystematik/n032
Weiterbildungsforschung und Organisationsentwicklung,https://w3id.org/kim/hochschulfaechersystematik/n321
Werken,https://w3id.org/kim/hochschulfaechersystematik/n201
Werkstoffe und Zuverlässigkeit mikrotechnischer Systeme,https://w3id.org/kim/hochschulfaechersystematik/n157; https://w3id.org/kim/hochschulfaechersystematik/n286
Werkstoffwissenschaft,https://w3id.org/kim/hochschulfaechersystematik/n294
Werkstoffwissenschaft und Werkstofftechnologie,https://w3id.org/kim/hochschulfaechersystematik/n294; https://w3id.org/kim/hochschulfaechersystematik/n72
WI,https://w3id.org/kim/hochschulfaechersystematik/n179; https://w3id.org/kim/hochschulfaechersystematik/n370
Wirtschaft,https://w3id.org/kim/hochschulfaechersystematik/n184
Wirtschaft und Recht,https://w3id.org/kim/hochschulfaechersystematik/n3; https://w3id.org/kim/hochschulfaechersystematik/n23; https://w3id.org/kim/hochschulfaechersystematik/n184; https://w3id.org/kim/hochschulfaechersystematik/n28; https://w3id.org/kim/hochschulfaechersystematik/n135
Wirtschaft und Sprachen,https://w3id.org/kim/hochschulfaechersystematik/n030
Wirtschaft und Verkehr,https://w3id.org/kim/hochschulfaechersystematik/n210; https://w3id.org/kim/hochschulfaechersystematik/n184; https://w3id.org/kim/hochschulfaechersystematik/n268
Wirtschaft-Technik-Haushalt,https://w3id.org/kim/hochschulfaechersystematik/n184; https://w3id.org/kim/hochschulfaechersystematik/n199; https://w3id.org/kim/hochschulfaechersystematik/n333
Wirtschaftsinformatik,https://w3id.org/kim/hochschulfaechersystematik/n277
Wirtschaftsingenieurwesen,https://w3id.org/kim/hochschulfaechersystematik/n179; https://w3id.org/kim/hochschulfaechersystematik/n370
Wirtschaftsingenieurwesen  Bauwesen,https://w3id.org/kim/hochschulfaechersystematik/n370; https://w3id.org/kim/hochschulfaechersystematik/n68
Wirtschaftsingenieurwesen  Maschinenbau,https://w3id.org/kim/hochschulfaechersystematik/n370; https://w3id.org/kim/hochschulfaechersystematik/n104
Wirtschaftsingenieurwesen Energietechnik,https://w3id.org/kim/hochschulfaechersystematik/n370; https://w3id.org/kim/hochschulfaechersystematik/n211; https://w3id.org/kim/hochschulfaechersystematik/n316
Wirtschaftsmathematik,https://w3id.org/kim/hochschulfaechersystematik/n276
Wirtschaftspädagogik,https://w3id.org/kim/hochschulfaechersystematik/n181
Wirtschaftswissenschaft und Wirtschaftsingenieurwesen,https://w3id.org/kim/hochschulfaechersystematik/n184; https://w3id.org/kim/hochschulfaechersystematik/n179; https://w3id.org/kim/hochschulfaechersystematik/n370
Wirtschaftswissenschaften,https://w3id.org/kim/hochschulfaechersystematik/n184
Wirtschaftswissenschaften und WIPÄD,https://w3id.org/kim/hochschulfaechersystematik/n184; https://w3id.org/kim/hochschulfaechersystematik/n181
Wirtschaftswissenschaften und Wirtschaftsingenieurwesen,https://w3id.org/kim/hochschulfaechersystematik/n184; https://w3id.org/kim/hochschulfaechersystematik/n179; https://w3id.org/kim/hochschulfaechersystematik/n370
WISSENSCHAFT UND GESELLSCHAFT,https://w3id.org/kim/hochschulfaechersystematik/n154
Wissenstransfer und Digitale Transformation,https://w3id.org/kim/hochschulfaechersystematik/n079; https://w3id.org/kim/hochschulfaechersystematik/n222; https://w3id.org/kim/hochschulfaechersystematik/n253
Zentrum  Internationale Studien an der TU Dresden,
Zentrum  Lehrerbildung,https://w3id.org/kim/hochschulfaechersystematik/n052; https://w3id.org/kim/hochschulfaechersystematik/n361
"Zentrum  Lehrerbildung, Schul- und Berufsbildungsforschung",https://w3id.org/kim/hochschulfaechersystematik/n052; https://w3id.org/kim/hochschulfaechersystematik/n361; https://w3id.org/kim/hochschulfaechersystematik/n270
Zentrum  neue Studienformen,